{
	"Changes": [
        {
            "Action": "EditData",
            "Target": "Data/animationDescriptions",
            "Entries": {
            
            //ginger island
            "hakan_beach_towel": "17/17/17//laying_down/offset 0 16",
            "hakan_beach_dance": "28/28 29 30 31 30 29 28 28/28",
            "hakan_beach_umbrella": "16/16/16",
            
            //stardew valley
            
            "hakan_sleep": "59/59/59",
            "hakan_read": "24 25 26/26/26 25 24",
            "hakan_laze": "51/51/51//laying_down/offset 0 16",
            "hakan_laze_shirtless": "31/31/31//laying_down/offset 0 16",
            "hakan_standing_sleep": "21/21/21",
            "hakan_standing_sleep_sideways": "27/27/27",
            "hakan_sunglasses": "29/29/29",

            "hakan_sit": "30/30/30",
            "hakan_workout": "40/40 41 42 43 42 41 40 40/40",
            "hakan_look":"20/20 21 22 22 22 23 23 23 22 22 22 21 20 20 20/20",

            //#Future keys that need some more advanced features. might add them in a later update. For fishing, just use "birdie_fish" i suppose...............
            //"hakan_fish_side": "", 
            //"hakan_fish_front": "",
            }
        }
    ]
}

