{
    "Changes": [
        {
            "LogName": "Hakan NPC Setup",
            "Action": "EditData",
            "Target": "Data/Characters",
            "Entries": {
                "Hakan": {
                    "DisplayName": "{{i18n:Hakan.Name}}",
                    "Gender": "Male",
                    "Age": "Adult",
		            "Manner": "Polite",
                    "SocialAnxiety": "Neutral",
                    "Optimism": "Neutral",
                    "BirthSeason": "Fall",
                    "BirthDay": "3",
                    "HomeRegion": "Town",
                    "CanSocialize": "True",
                    "CanBeRomanced": "True",
                    "CanReceiveGifts": "True",
                    "SocialTab": "UnknownUntilMet",
                    "Calendar": "HiddenUntilMet",
                    "IntroductionsQuest": "False",
                    "ItemDeliveryQuests": "True",
                    "CanGreetNearbyCharacters": true,
                    "ExcludeFromIntroductionsQuest": true,
                    "CanVisitIsland": "PLAYER_NPC_RELATIONSHIP ANY Hakan MARRIED",
                    "DumpsterDiveEmote": "8",
                    "WinterStarParticipant": "True",
                    "PerfectionScore": true,
                    "EndSlideShow": "MainGroup",
                    "Breather": false,
                    "SpouseRoom": {
                        "MapAsset": "Custom_HakanRoom",
                        "MapSourceRect": {
                            "X": 0,
                            "Y": 0,
                            "Width": 6,
                            "Height": 9
                        }
                    },
                    "SpousePatio": {
                        "MapAsset": "Hakan_Spouse_Area",
                        "MapSourceRect": {
                            "X": 0,
                            "Y": 0,
                            "Width": 4,
                            "Height": 4
                        },
                        "SpriteAnimationFrames": [
                        [40, 100],
                        [40, 100],
                        [41, 100],
                        [42, 100],
                        [43, 100],
                        [42, 100],
                        [41, 100],
                        [40, 100],
                        [40, 100]
                        ],
                        "SpriteAnimationPixelOffset": {
                            "X": 0,
                            "Y": 0
                          }
                    },
                    "Home": [
                        {
                            "Id": "Default",
                            "Location": "Custom_haki_cabin",
                            "Tile": {
                                "X": 18,
                                "Y": 5
                            },
                            "Direction": "left"
                        }
                    ],
                    "Appearance": [
                        {
                            "Id":"Winter",
                            "Season": "Winter",
                            "Indoors": true,
                            "Outdoors": true,
                            "Portrait": "Portraits/Hakan_Winter",
                            "Sprite": "Characters/Hakan_Winter",
                            "IsIslandAttire": false,
                            "Precedence": -100,
                            "Weight": 0
                        }
                    ]
                }
            }
        },
    ]
}