{
    //Travelling Cart edits
    "Changes": [
        {
            "Action": "EditData",
            "Target": "Data/Shops",
            "TargetField": [
                "Traveler",
                "Items"
            ],
        "Entries": {
                "hakydaki.HakanNPC_HakanTuxedoPortrait":{
                    "Price": 30000,
                    "AvailableStock": 1,
                    "AvailableStockLimit": "Player",
                    "AvoidRepeat": false,
                    "UseObjectDataPrice": false,
                    "IgnoreShopPriceModifiers": false,
                    "PriceModifierMode": "Stack",
                    "AvailableStockModifiers": null,
                    "AvailableStockModifierMode": "Stack",
                    "Condition": "PLAYER_HEARTS Current Hakan 10",
                    "Id": "hakydaki.HakanNPC_HakanTuxedoPortrait",
                    "ItemId": "hakydaki.HakanNPC_HakanTuxedoPortrait",
                    "IsRecipe": false,
                    "StackModifierMode": "Stack",
                    "QualityModifierMode": "Stack",
                }
            }
        }
    ]
}