{
    "Changes": [
        {
            "Action": "EditData",
            "Target": "Characters/Dialogue/MarriageDialogueHakan",
            "Entries": 
            
            {
                "patio_Hakan":"{{i18n:Hakan.patio}}",
                "spouseRoom_Hakan":"{{i18n:Hakan.spouse_room}}",
                "SpouseStardrop":"{{i18n:Hakan.stardrop}}",
                "SummitEvent_Dialogue3_Hakan":"{{i18n:Hakan.summit}}",
                "SpouseFarmhouseClutter":"{{i18n:Hakan.SpouseFarmhouseClutter}}",
                "Spouse_MontstersInHouse":"{{i18n:Hakan.MonstersInHouse}}",
                "funReturn_Hakan":"{{i18n:Hakan.fun_return}}",
                "funLeave_Hakan":"{{i18n:Hakan.fun_leave}}",

                "Rainy_Day_Hakan":"{{i18n:Hakan.rainyday.01}}",
                "Rainy_Day_0":"{{i18n:Hakan.rainyday.01}}",
                "Rainy_Day_1":"{{i18n:Hakan.rainyday.02}}",
                "Rainy_Day_2":"{{i18n:Hakan.rainyday.05}}",
                "Rainy_Day_3":"{{i18n:Hakan.rainyday.06}}",
                "Rainy_Day_4":"{{i18n:Hakan.rainyday.07}}",

                "Rainy_Night_0":"{{i18n:Hakan.rainynight.01}}",
                "Rainy_Night_1":"{{i18n:Hakan.rainynight.02}}",
                "Rainy_Night_2":"{{i18n:Hakan.rainynight.03}}",
                "Rainy_Night_3":"{{i18n:Hakan.rainynight.04}}",
                "Rainy_Night_4":"{{i18n:Hakan.rainynight.05}}",

                "Good_0":"{{i18n:Hakan.good.01}}",
                "Good_1":"{{i18n:Hakan.good.02}}",
                "Good_2":"{{i18n:Hakan.good.03}}",
                "Good_3":"{{i18n:Hakan.good.04}}",
                "Good_4":"{{i18n:Hakan.good.05}}",
                "Good_5":"{{i18n:Hakan.good.06}}",
                "Good_6":"{{i18n:Hakan.good.07}}",

                "Neutral_0":"{{i18n:Hakan.neutral.01}}",
                "Neutral_1":"{{i18n:Hakan.neutral.02}}",
                "Neutral_2":"{{i18n:Hakan.neutral.03}}",
                "Neutral_3":"{{i18n:Hakan.neutral.04}}",
                "Neutral_4":"{{i18n:Hakan.neutral.05}}",
                "Neutral_5":"{{i18n:Hakan.neutral.06}}",
                "Neutral_6":"{{i18n:Hakan.neutral.07}}",

                "Bad_0":"{{i18n:Hakan.bad.01}}",
                "Bad_1":"{{i18n:Hakan.bad.02}}",
                "Bad_2":"{{i18n:Hakan.bad.03}}",
                "Bad_3":"{{i18n:Hakan.bad.04}}",
                "Bad_4":"{{i18n:Hakan.bad.05}}",
                "Bad_5":"{{i18n:Hakan.bad.06}}",
                "Bad_6":"{{i18n:Hakan.bad.07}}",

                "Indoor_Day_Hakan":"{{i18n:Hakan.indoorday.01}}",
                "Indoor_Day_0":"{{i18n:Hakan.indoorday.02}}",
                "Indoor_Day_1":"{{i18n:Hakan.indoorday.03}}",
                "Indoor_Day_2":"{{i18n:Hakan.indoorday.04}}",
                "Indoor_Day_3":"{{i18n:Hakan.indoorday.05}}",

                "Outdoor_Day_Hakan":"{{i18n:Hakan.outdoor.01}}",
                "Outdoor_Day_0":"{{i18n:Hakan.outdoor.02}}",
                "Outdoor_Day_1":"{{i18n:Hakan.outdoor.03}}",
                "Outdoor_Day_2":"{{i18n:Hakan.outdoor.04}}",
                "Outdoor_Day_3":"{{i18n:Hakan.outdoor.05}}",
                
                "Indoor_Night_Hakan":"{{i18n:Hakan.indoornight.01}}",
                "Indoor_Night_0":"{{i18n:Hakan.indoornight.02}}",
                "Indoor_Night_1":"{{i18n:Hakan.indoornight.03}}",
                "Indoor_Night_2":"{{i18n:Hakan.indoornight.04}}",
                "Indoor_Night_3":"{{i18n:Hakan.indoornight.05}}",

                //kids have room for ONE more dialogue key
                
                "OneKid_0":"{{i18n:Hakan.OneKid_1}}",
                "OneKid_1":"{{i18n:Hakan.OneKid_2}}",
                "OneKid_2":"{{i18n:Hakan.OneKid_3}}",
                "OneKid_3":"{{i18n:Hakan.OneKid_4}}",

                "TwoKids_0":"{{i18n:Hakan.TwoKid_1}}",
                "TwoKids_1":"{{i18n:Hakan.TwoKid_2}}",
                "TwoKids_2":"{{i18n:Hakan.TwoKid_3}}",
                "TwoKids_3":"{{i18n:Hakan.TwoKid_4}}",

                //Seasonal dialogues

                "spring_Hakan":"{{i18n:Hakan.married_spring}}",
                "summer_Hakan":"{{i18n:Hakan.married_summer}}",
                "fall_Hakan":"{{i18n:Hakan.married_fall}}",
                "winter_Hakan":"{{i18n:Hakan.married_winter}}",

                //Special days!!!

                "spring_12": "{{i18n:Hakan.married_spring.12}}",
                "spring_14": "{{i18n:Hakan.married.spring.14}}",
                "spring_23": "{{i18n:Hakan.married.spring.23}}",
                "summer_10": "{{i18n:Hakan.married.summer.10}}",
                "summer_19": "{{i18n:Hakan.married.summer.19}}",
                "summer_27": "{{i18n:Hakan.married.summer.27}}",
                "fall_15": "{{i18n:Hakan.married.fall.15}}",
                "fall_26": "{{i18n:Hakan.married.fall.26}}",
                "winter_7": "{{i18n:Hakan.married.winter.07}}",
                "winter_11": "{{i18n:Hakan.married.winter.11}}",
                "winter_14": "{{i18n:Hakan.married.winter.14}}",
                "winter_24": "{{i18n:Hakan.married.winter.24}}",
                "winter_28": "{{i18n:Hakan.married.winter.28}}",

                "spring_13": "{{i18n:Hakan.married_spring.13}}",
                "summer_11": "{{i18n:Hakan.married_summer.11}}",
                "summer_28": "{{i18n:Hakan.married_summer.28}}",
                "fall_27": "{{i18n:Hakan.married_fall.27}}",
                "winter_8": "{{i18n:Hakan.married_winter.08}}",
                "winter_25": "{{i18n:Hakan.married_winter.25}}",
                //First Day o Season

                "spring_1": "{{i18n:Hakan.married_spring1}}",
                "summer_1": "{{i18n:Hakan.married_summer1}}",
                "fall_1": "{{i18n:Hakan.married_fall1}}",
                "winter_1": "{{i18n:Hakan.married_winter1}}"
                
            }
        },
        
        //Dynamic Dialogues!!

        //SPRING
        {
            //Tues Spring 2

            "Action": "EditData",
            "Target": "Characters/Dialogue/MarriageDialogueHakan",
            "When": {
              "Season":"Spring",
              "Day":"2"

            },
            "Entries": {
              "funLeave_Hakan": "{{i18n:Hakan.Dyn.01}}",
              "funReturn_Hakan": "{{i18n:Hakan.Dyn.02}}",
            }
        },
        {
          //Wed Spring 3
      
          "Action": "EditData",
          "Target": "Characters/Dialogue/MarriageDialogueHakan",
          "When": {
            "Season": "Spring",
            "Day": "3"
          },
          "Entries": {
            "funLeave_Hakan": "{{i18n:Hakan.Dyn.03}}",
            "funReturn_Hakan": "{{i18n:Hakan.Dyn.04}}"
          }
      },
      {
          //Fri Spring 5
      
          "Action": "EditData",
          "Target": "Characters/Dialogue/MarriageDialogueHakan",
          "When": {
            "Season": "Spring",
            "Day": "5"
          },
          "Entries": {
            "funLeave_Hakan": "{{i18n:Hakan.Dyn.05}}",
            "funReturn_Hakan": "{{i18n:Hakan.Dyn.06}}"
          }
      },
      {
          //Tues Spring 9
      
          "Action": "EditData",
          "Target": "Characters/Dialogue/MarriageDialogueHakan",
          "When": {
            "Season": "Spring",
            "Day": "9"
          },
          "Entries": {
            "funLeave_Hakan": "{{i18n:Hakan.Dyn.01}}",
            "funReturn_Hakan": "{{i18n:Hakan.Dyn.02}}"
          }
      },
      {
          //Wed Spring 10
      
          "Action": "EditData",
          "Target": "Characters/Dialogue/MarriageDialogueHakan",
          "When": {
            "Season": "Spring",
            "Day": "10"
          },
          "Entries": {
            "funLeave_Hakan": "{{i18n:Hakan.Dyn.03}}",
            "funReturn_Hakan": "{{i18n:Hakan.Dyn.04}}"
          }
      },
      {
          //Fri Spring 12
      
          "Action": "EditData",
          "Target": "Characters/Dialogue/MarriageDialogueHakan",
          "When": {
            "Season": "Spring",
            "Day": "12"
          },
          "Entries": {
            "funLeave_Hakan": "{{i18n:Hakan.Dyn.11}}",
            "funReturn_Hakan": "{{i18n:Hakan.Dyn.12}}"
          }
      },
      {
          //Sun Spring 15 DESERT FESTIVAL DAY 1
      
          "Action": "EditData",
          "Target": "Characters/Dialogue/MarriageDialogueHakan",
          "When": {
            "Season": "Spring",
            "Day": "15"
          },
          "Entries": {
            "funLeave_Hakan": "{{i18n:Hakan.Dyn.07}}",
            "funReturn_Hakan": "{{i18n:Hakan.Dyn.08}}"
          }
      },
      {
          //Mon Spring 16 DESERT FESTIVAL DAY 2
      
          "Action": "EditData",
          "Target": "Characters/Dialogue/MarriageDialogueHakan",
          "When": {
            "Season": "Spring",
            "Day": "16"
          },
          "Entries": {
            "funLeave_Hakan": "{{i18n:Hakan.Dyn.09}}",
            "funReturn_Hakan": "{{i18n:Hakan.Dyn.10}}"
          }
      },
      {
          //Tues Spring 17 DESERT FESTIVAL DAY 3
      
          "Action": "EditData",
          "Target": "Characters/Dialogue/MarriageDialogueHakan",
          "When": {
            "Season": "Spring",
            "Day": "17"
          },
          "Entries": {
            "funLeave_Hakan": "{{i18n:Hakan.Dyn.07}}",
            "funReturn_Hakan": "{{i18n:Hakan.Dyn.08}}"
          }
      },
      {
          //Fri Spring 19
      
          "Action": "EditData",
          "Target": "Characters/Dialogue/MarriageDialogueHakan",
          "When": {
            "Season": "Spring",
            "Day": "19"
          },
          "Entries": {
            "funLeave_Hakan": "{{i18n:Hakan.Dyn.05}}",
            "funReturn_Hakan": "{{i18n:Hakan.Dyn.06}}"
          }
      },
      {
          //Fri Spring 26
      
          "Action": "EditData",
          "Target": "Characters/Dialogue/MarriageDialogueHakan",
          "When": {
            "Season": "Spring",
            "Day": "26"
          },
          "Entries": {
            "funLeave_Hakan": "{{i18n:Hakan.Dyn.05}}",
            "funReturn_Hakan": "{{i18n:Hakan.Dyn.06}}"
          }
      },
      {
          //Tues Spring 23
      
          "Action": "EditData",
          "Target": "Characters/Dialogue/MarriageDialogueHakan",
          "When": {
            "Season": "Spring",
            "Day": "23"
          },
          "Entries": {
            "funLeave_Hakan": "{{i18n:Hakan.Dyn.13}}",
            "funReturn_Hakan": "{{i18n:Hakan.Dyn.14}}"
          }
      },
      {
          //Wed Spring 24
      
          "Action": "EditData",
          "Target": "Characters/Dialogue/MarriageDialogueHakan",
          "When": {
            "Season": "Spring",
            "Day": "24"
          },
          "Entries": {
            "funLeave_Hakan": "{{i18n:Hakan.Dyn.15}}",
            "funReturn_Hakan": "{{i18n:Hakan.Dyn.16}}"
          }
      },
      
      // SUMMER
      
      {
          //Tues Summer 2
      
          "Action": "EditData",
          "Target": "Characters/Dialogue/MarriageDialogueHakan",
          "When": {
            "Season": "Summer",
            "Day": "2"
          },
          "Entries": {
            "funLeave_Hakan": "{{i18n:Hakan.Dyn.01}}",
            "funReturn_Hakan": "{{i18n:Hakan.Dyn.02}}"
          }
      },
      {
          //Wed Summer 3
      
          "Action": "EditData",
          "Target": "Characters/Dialogue/MarriageDialogueHakan",
          "When": {
            "Season": "Summer",
            "Day": "3"
          },
          "Entries": {
            "funLeave_Hakan": "{{i18n:Hakan.Dyn.03}}",
            "funReturn_Hakan": "{{i18n:Hakan.Dyn.04}}"
          }
      },
      {
          //Fri Summer 6
      
          "Action": "EditData",
          "Target": "Characters/Dialogue/MarriageDialogueHakan",
          "When": {
            "Season": "Summer",
            "Day": "6"
          },
          "Entries": {
            "funLeave_Hakan": "{{i18n:Hakan.Dyn.17}}",
            "funReturn_Hakan": "{{i18n:Hakan.Dyn.18}}"
          }
      },
      {
          //Tues Summer 9
      
          "Action": "EditData",
          "Target": "Characters/Dialogue/MarriageDialogueHakan",
          "When": {
            "Season": "Summer",
            "Day": "9"
          },
          "Entries": {
            "funLeave_Hakan": "{{i18n:Hakan.Dyn.01}}",
            "funReturn_Hakan": "{{i18n:Hakan.Dyn.02}}"
          }
      },
      {
          //Wed Summer 10
      
          "Action": "EditData",
          "Target": "Characters/Dialogue/MarriageDialogueHakan",
          "When": {
            "Season": "Summer",
            "Day": "10"
          },
          "Entries": {
            "funLeave_Hakan": "{{i18n:Hakan.Dyn.19}}",
            "funReturn_Hakan": "{{i18n:Hakan.Dyn.20}}"
          }
      },
      {
          //Fri Summer 13
      
          "Action": "EditData",
          "Target": "Characters/Dialogue/MarriageDialogueHakan",
          "When": {
            "Season": "Summer",
            "Day": "13"
          },
          "Entries": {
            "funLeave_Hakan": "{{i18n:Hakan.Dyn.17}}",
            "funReturn_Hakan": "{{i18n:Hakan.Dyn.18}}"
          }
      },
      {
          //Tues Summer 16
      
          "Action": "EditData",
          "Target": "Characters/Dialogue/MarriageDialogueHakan",
          "When": {
            "Season": "Summer",
            "Day": "16"
          },
          "Entries": {
            "funLeave_Hakan": "{{i18n:Hakan.Dyn.01}}",
            "funReturn_Hakan": "{{i18n:Hakan.Dyn.02}}"
          }
      },
      {
          //Wed Summer 17
      
          "Action": "EditData",
          "Target": "Characters/Dialogue/MarriageDialogueHakan",
          "When": {
            "Season": "Summer",
            "Day": "17"
          },
          "Entries": {
            "funLeave_Hakan": "{{i18n:Hakan.Dyn.03}}",
            "funReturn_Hakan": "{{i18n:Hakan.Dyn.04}}"
          }
      },
      {
          //Fri Summer 20 TROUT DERBY DAY BEFORE
      
          "Action": "EditData",
          "Target": "Characters/Dialogue/MarriageDialogueHakan",
          "When": {
            "Season": "Summer",
            "Day": "19"
          },
          "Entries": {
            "funLeave_Hakan": "{{i18n:Hakan.Dyn.25}}",
            "funReturn_Hakan": "{{i18n:Hakan.Dyn.26}}"
          }
      },
      {
          //Sat Summer 21 TROUT DERBY DAY 1
      
          "Action": "EditData",
          "Target": "Characters/Dialogue/MarriageDialogueHakan",
          "When": {
            "Season": "Summer",
            "Day": "20"
          },
          "Entries": {
            "funLeave_Hakan": "{{i18n:Hakan.Dyn.23}}",
            "funReturn_Hakan": "{{i18n:Hakan.Dyn.24}}"
          }
      },
      {
          //Sun Summer 22 TROUT DERBY DAY 2
      
          "Action": "EditData",
          "Target": "Characters/Dialogue/MarriageDialogueHakan",
          "When": {
            "Season": "Summer",
            "Day": "21"
          },
          "Entries": {
            "funLeave_Hakan": "{{i18n:Hakan.Dyn.27}}",
            "funReturn_Hakan": "{{i18n:Hakan.Dyn.28}}"
          }
      },
      {
          //Tues Summer 23
      
          "Action": "EditData",
          "Target": "Characters/Dialogue/MarriageDialogueHakan",
          "When": {
            "Season": "Summer",
            "Day": "23"
          },
          "Entries": {
            "funLeave_Hakan": "{{i18n:Hakan.Dyn.01}}",
            "funReturn_Hakan": "{{i18n:Hakan.Dyn.02}}"
          }
      },
      {
          //Wed Summer 24
      
          "Action": "EditData",
          "Target": "Characters/Dialogue/MarriageDialogueHakan",
          "When": {
            "Season": "Summer",
            "Day": "24"
          },
          "Entries": {
            "funLeave_Hakan": "{{i18n:Hakan.Dyn.03}}",
            "funReturn_Hakan": "{{i18n:Hakan.Dyn.04}}"
          }
      },
      {
          //Fri Summer 27
      
          "Action": "EditData",
          "Target": "Characters/Dialogue/MarriageDialogueHakan",
          "When": {
            "Season": "Summer",
            "Day": "27"
          },
          "Entries": {
            "funLeave_Hakan": "{{i18n:Hakan.Dyn.21}}",
            "funReturn_Hakan": "{{i18n:Hakan.Dyn.22}}"
          }
      },
      
      // FALL
      
      {
          //Tues Fall 2
      
          "Action": "EditData",
          "Target": "Characters/Dialogue/MarriageDialogueHakan",
          "When": {
            "Season": "Fall",
            "Day": "2"
          },
          "Entries": {
            "funLeave_Hakan": "{{i18n:Hakan.Dyn.01}}",
            "funReturn_Hakan": "{{i18n:Hakan.Dyn.02}}"
          }
      },
      {
          //Wed Fall 3
      
          "Action": "EditData",
          "Target": "Characters/Dialogue/MarriageDialogueHakan",
          "When": {
            "Season": "Fall",
            "Day": "3"
          },
          "Entries": {
            "funLeave_Hakan": "{{i18n:Hakan.Dyn.03}}",
            "funReturn_Hakan": "{{i18n:Hakan.Dyn.04}}"
          }
      },
      {
          //Fri Fall 7
      
          "Action": "EditData",
          "Target": "Characters/Dialogue/MarriageDialogueHakan",
          "When": {
            "Season": "Fall",
            "Day": "7"
          },
          "Entries": {
            "funLeave_Hakan": "{{i18n:Hakan.Dyn.29}}",
            "funReturn_Hakan": "{{i18n:Hakan.Dyn.30}}"
          }
      },
      {
          //Tues Fall 9
      
          "Action": "EditData",
          "Target": "Characters/Dialogue/MarriageDialogueHakan",
          "When": {
            "Season": "Fall",
            "Day": "9"
          },
          "Entries": {
            "funLeave_Hakan": "{{i18n:Hakan.Dyn.01}}",
            "funReturn_Hakan": "{{i18n:Hakan.Dyn.02}}"
          }
      },
      {
          //Wed Fall 10
      
          "Action": "EditData",
          "Target": "Characters/Dialogue/MarriageDialogueHakan",
          "When": {
            "Season": "Fall",
            "Day": "10"
          },
          "Entries": {
            "funLeave_Hakan": "{{i18n:Hakan.Dyn.03}}",
            "funReturn_Hakan": "{{i18n:Hakan.Dyn.04}}"
          }
      },
      {
          //Fri Fall 14
      
          "Action": "EditData",
          "Target": "Characters/Dialogue/MarriageDialogueHakan",
          "When": {
            "Season": "Fall",
            "Day": "14"
          },
          "Entries": {
            "funLeave_Hakan": "{{i18n:Hakan.Dyn.29}}",
            "funReturn_Hakan": "{{i18n:Hakan.Dyn.30}}"
          }
      },
      {
          //Tues Fall 16 FAIR
      
          "Action": "EditData",
          "Target": "Characters/Dialogue/MarriageDialogueHakan",
          "When": {
            "Season": "Fall",
            "Day": "16"
          },
          "Entries": {
            "funLeave_Hakan": "{{i18n:Hakan.Dyn.31}}",
            "funReturn_Hakan": "{{i18n:Hakan.Dyn.32}}"
          }
      },
      {
          //Wed Fall 17
      
          "Action": "EditData",
          "Target": "Characters/Dialogue/MarriageDialogueHakan",
          "When": {
            "Season": "Fall",
            "Day": "17"
          },
          "Entries": {
            "funLeave_Hakan": "{{i18n:Hakan.Dyn.03}}",
            "funReturn_Hakan": "{{i18n:Hakan.Dyn.04}}"
          }
      },
      {
          //Fri Fall 21
      
          "Action": "EditData",
          "Target": "Characters/Dialogue/MarriageDialogueHakan",
          "When": {
            "Season": "Fall",
            "Day": "21"
          },
          "Entries": {
            "funLeave_Hakan": "{{i18n:Hakan.Dyn.29}}",
            "funReturn_Hakan": "{{i18n:Hakan.Dyn.30}}"
          }
      },
      {
          //Tues Fall 23
      
          "Action": "EditData",
          "Target": "Characters/Dialogue/MarriageDialogueHakan",
          "When": {
            "Season": "Fall",
            "Day": "23"
          },
          "Entries": {
            "funLeave_Hakan": "{{i18n:Hakan.Dyn.01}}",
            "funReturn_Hakan": "{{i18n:Hakan.Dyn.02}}"
          }
      },
      {
          //Wed Fall 24
      
          "Action": "EditData",
          "Target": "Characters/Dialogue/MarriageDialogueHakan",
          "When": {
            "Season": "Fall",
            "Day": "24"
          },
          "Entries": {
            "funLeave_Hakan": "{{i18n:Hakan.Dyn.03}}",
            "funReturn_Hakan": "{{i18n:Hakan.Dyn.04}}"
          }
      },
      {
          //Fri Fall 28
      
          "Action": "EditData",
          "Target": "Characters/Dialogue/MarriageDialogueHakan",
          "When": {
            "Season": "Fall",
            "Day": "28"
          },
          "Entries": {
            "funLeave_Hakan": "{{i18n:Hakan.Dyn.29}}",
            "funReturn_Hakan": "{{i18n:Hakan.Dyn.30}}"
          }
      },
      
      // WINTER
      
      {
          //Tues Winter 2
      
          "Action": "EditData",
          "Target": "Characters/Dialogue/MarriageDialogueHakan",
          "When": {
            "Season": "Winter",
            "Day": "2"
          },
          "Entries": {
            "funLeave_Hakan": "{{i18n:Hakan.Dyn.01}}",
            "funReturn_Hakan": "{{i18n:Hakan.Dyn.02}}"
          }
      },
      {
          //Wed Winter 3
      
          "Action": "EditData",
          "Target": "Characters/Dialogue/MarriageDialogueHakan",
          "When": {
            "Season": "Winter",
            "Day": "3"
          },
          "Entries": {
            "funLeave_Hakan": "{{i18n:Hakan.Dyn.03}}",
            "funReturn_Hakan": "{{i18n:Hakan.Dyn.04}}"
          }
      },
      {
          //Fri Winter 6
      
          "Action": "EditData",
          "Target": "Characters/Dialogue/MarriageDialogueHakan",
          "When": {
            "Season": "Winter",
            "Day": "6"
          },
          "Entries": {
            "funLeave_Hakan": "{{i18n:Hakan.Dyn.33}}",
            "funReturn_Hakan": "{{i18n:Hakan.Dyn.34}}"
          }
      },
      {
          //Tues Winter 9
      
          "Action": "EditData",
          "Target": "Characters/Dialogue/MarriageDialogueHakan",
          "When": {
            "Season": "Winter",
            "Day": "9"
          },
          "Entries": {
            "funLeave_Hakan": "{{i18n:Hakan.Dyn.01}}",
            "funReturn_Hakan": "{{i18n:Hakan.Dyn.02}}"
          }
      },
      {
          //Wed Winter 10
      
          "Action": "EditData",
          "Target": "Characters/Dialogue/MarriageDialogueHakan",
          "When": {
            "Season": "Winter",
            "Day": "10"
          },
          "Entries": {
            "funLeave_Hakan": "{{i18n:Hakan.Dyn.03}}",
            "funReturn_Hakan": "{{i18n:Hakan.Dyn.04}}"
          }
      },
      {
          //Fri Winter 12 SQUIDDIES DAY 1
      
          "Action": "EditData",
          "Target": "Characters/Dialogue/MarriageDialogueHakan",
          "When": {
            "Season": "Winter",
            "Day": "12"
          },
          "Entries": {
            "funLeave_Hakan": "{{i18n:Hakan.Dyn.37}}",
            "funReturn_Hakan": "{{i18n:Hakan.Dyn.38}}"
          }
      },
      {
          //Sat Winter 13 SQUIDDIES DAY 2
      
          "Action": "EditData",
          "Target": "Characters/Dialogue/MarriageDialogueHakan",
          "When": {
            "Season": "Winter",
            "Day": "13"
          },
          "Entries": {
            "funLeave_Hakan": "{{i18n:Hakan.Dyn.39}}",
            "funReturn_Hakan": "{{i18n:Hakan.Dyn.40}}"
          }
      },
      {
          //Night Market Day 1
      
          "Action": "EditData",
          "Target": "Characters/Dialogue/MarriageDialogueHakan",
          "When": {
            "Season": "Winter",
            "Day": "15"
          },
          "Entries": {
            "funLeave_Hakan": "{{i18n:Hakan.Dyn.35}}",
            "funReturn_Hakan": "{{i18n:Hakan.Dyn.36}}"
          }
      },
      {
          //Night Market Day 2
      
          "Action": "EditData",
          "Target": "Characters/Dialogue/MarriageDialogueHakan",
          "When": {
            "Season": "Winter",
            "Day": "16"
          },
          "Entries": {
            "funLeave_Hakan": "{{i18n:Hakan.Dyn.35}}",
            "funReturn_Hakan": "{{i18n:Hakan.Dyn.36}}"
          }
      },
      {
          //Night Market Day 3
      
          "Action": "EditData",
          "Target": "Characters/Dialogue/MarriageDialogueHakan",
          "When": {
            "Season": "Winter",
            "Day": "17"
          },
          "Entries": {
            "funLeave_Hakan": "{{i18n:Hakan.Dyn.35}}",
            "funReturn_Hakan": "{{i18n:Hakan.Dyn.36}}"
          }
      },
      {
          //Fri Winter 19
      
          "Action": "EditData",
          "Target": "Characters/Dialogue/MarriageDialogueHakan",
          "When": {
            "Season": "Winter",
            "Day": "19"
          },
          "Entries": {
            "funLeave_Hakan": "{{i18n:Hakan.Dyn.33}}",
            "funReturn_Hakan": "{{i18n:Hakan.Dyn.34}}"
          }
      },
      {
          //Tues Winter 23
      
          "Action": "EditData",
          "Target": "Characters/Dialogue/MarriageDialogueHakan",
          "When": {
            "Season": "Winter",
            "Day": "23"
          },
          "Entries": {
            "funLeave_Hakan": "{{i18n:Hakan.Dyn.01}}",
            "funReturn_Hakan": "{{i18n:Hakan.Dyn.02}}"
          }
      },
      {
          //Wed Winter 24 WINTER STAR PREP
      
          "Action": "EditData",
          "Target": "Characters/Dialogue/MarriageDialogueHakan",
          "When": {
            "Season": "Winter",
            "Day": "24"
          },
          "Entries": {
            "funLeave_Hakan": "{{i18n:Hakan.Dyn.41}}",
            "funReturn_Hakan": "{{i18n:Hakan.Dyn.42}}"
          }
      },
      {
          //Fri Winter 26
      
          "Action": "EditData",
          "Target": "Characters/Dialogue/MarriageDialogueHakan",
          "When": {
            "Season": "Winter",
            "Day": "26"
          },
          "Entries": {
            "funLeave_Hakan": "{{i18n:Hakan.Dyn.33}}",
            "funReturn_Hakan": "{{i18n:Hakan.Dyn.34}}"
          }
      },

    ]
}