{
    "Format": "2.3.0",

    //MAP CHANGES
    "CustomLocations": [
        // add the custom in-game locations
        
        {
            "Name": "Custom_haki_cabin",
        "FromMapFile": "assets/maps/taki_HakiCabin.tmx"
        },

        {
            "Name": "Custom_foothills",
            "FromMapFile": "assets/maps/taki_foothills.tmx"
        },

        {
             "Name": "Custom_foothills_pathway",
             "FromMapFile": "assets/maps/taki_foothills_pathway.tmx"
        }
     ],

    "Changes": [

    // Railroad Map Patch - SVE
        {
            "Action": "EditMap",
            "Target": "Maps/Railroad",
            "FromFile": "assets/Maps/taki_Railroad_patch.tmx",
            "ToArea": {
                "X": 0,
                "Y": 53,
                "Width": 8,
                "Height": 9
            },
            "When": {
                "HasMod |contains=FlashShifter.StardewValleyExpandedCP": true
            }
        },
		
    // Railroad Map Patch - VANILLA
        {
            "Action": "EditMap",
            "Target": "Maps/Railroad",
            "FromFile": "assets/Maps/taki_Railroad_patch_vanilla.tmx",
            "ToArea": {
                "X": 0,
                "Y": 53,
                "Width": 5,
                "Height": 9
            },
            "When": {
                "HasMod |contains=FlashShifter.StardewValleyExpandedCP": false
            }
        },


    // Map warps to connect railroad to foothills pathway

    //RAILROAD WARPS
    {
        "Action": "EditMap",
        "Target": "Maps/Railroad",
        "MapTiles": [
            {
                "Position": { "X": 0, "Y": 58},
                "Layer": "Back",
                "SetProperties": {
                    "TouchAction": "Warp Custom_foothills_pathway 49 13"
                }
            },
            {
                "Position": { "X": 0, "Y": 60},
                "Layer": "Back",
                "SetProperties": {
                    "TouchAction": "Warp Custom_foothills_pathway 49 15"
                }
            }
        ]
    },

    {
        "Action": "EditMap",
        "Target": "Maps/Railroad",
        "MapProperties": { },
            "AddWarps": [
                "0 59 Custom_foothills_pathway 49 14"
            ]
    },

    //FOOTHILLS PATHWAY WARPS
        {
			"Action": "EditMap",
			"Target": "Maps/Custom_foothills_pathway",
			"MapTiles": [
				{
					"Position": { "X": 22, "Y": 0},
					"Layer": "Back",
					"SetProperties": {
						"TouchAction": "Warp Custom_foothills 22 28"
					}
				},
				{
					"Position": { "X": 23, "Y": 0},
					"Layer": "Back",
					"SetProperties": {
						"TouchAction": "Warp Custom_foothills 22 28"
					}
				},
				{
					"Position": { "X": 24, "Y": 0},
					"Layer": "Back",
					"SetProperties": {
						"TouchAction": "Warp Custom_foothills 23 28"
					}
				},
                {
					"Position": { "X": 25, "Y": 0},
					"Layer": "Back",
					"SetProperties": {
						"TouchAction": "Warp Custom_foothills 23 28"
					}
				},
                {
					"Position": { "X": 26, "Y": 0},
					"Layer": "Back",
					"SetProperties": {
						"TouchAction": "Warp Custom_foothills 24 28"
					}
				},
                {
					"Position": { "X": 27, "Y": 0},
					"Layer": "Back",
					"SetProperties": {
						"TouchAction": "Warp Custom_foothills 24 28"
					}
				},
                {
					"Position": { "X": 28, "Y": 0},
					"Layer": "Back",
					"SetProperties": {
						"TouchAction": "Warp Custom_foothills 25 28"
					}
				}
            ]
        },

    //FOOTHILLS WARPS

        {
			"Action": "EditMap",
			"Target": "Maps/Custom_foothills",
			"MapTiles": [
				{
					"Position": { "X": 22, "Y": 29},
					"Layer": "Back",
					"SetProperties": {
						"TouchAction": "Warp Custom_foothills_pathway 23 1"
					}
				},
                {
					"Position": { "X": 23, "Y": 29},
					"Layer": "Back",
					"SetProperties": {
						"TouchAction": "Warp Custom_foothills_pathway 25 1"
					}
				},
                {
					"Position": { "X": 24, "Y": 29},
					"Layer": "Back",
					"SetProperties": {
						"TouchAction": "Warp Custom_foothills_pathway 26 1"
					}
				},
                {
					"Position": { "X": 25, "Y": 29},
					"Layer": "Back",
					"SetProperties": {
						"TouchAction": "Warp Custom_foothills_pathway 28 1"
					}
				}
            ]
        },

        {
            "LogName": "Make woods pathable for NPC schedules.",
            "Action": "EditData",
            "Target": "Data/Locations",
            "TargetField": ["Woods"],
            "Entries": {
                "ExcludeFromNpcPathfinding": false
            }
        },

    // Haki NPC stuff

            //DATA LOADING
        {
            "Logname": "Haki_Dispositions",
            "Action": "Include",
            "FromFile": "data/dispo.json"
        },
        //Overworld details
        {
            "Logname": "Haki_Mapstrings",
            "Action": "Include",
            "FromFile": "data/mapstrings.json"
        },

        //Hakan Schedule data - Vanilla Version
        {
            "Logname":"Haki_Schedule_FAKE",
            "Action": "Load",
            "Target": "Characters/schedules/Hakan",
            "FromFile": "data/schedule_hakan_fake.json",
            "When": {
                "HasMod |contains=FlashShifter.StardewValleyExpandedCP": false,
				"HasSeenEvent |contains=02661001": false
            }
		},
			
        {
            "Logname":"Haki_Schedule",
            "Action": "Load",
            "Target": "Characters/schedules/Hakan",
            "FromFile": "data/schedule_hakan.json",
            "When": {
                "HasMod |contains=FlashShifter.StardewValleyExpandedCP": false,
				"HasSeenEvent": "02661001"
            }
        },
        //Hakan Schedule data - Loads SVE version if detected
        {
			
			"Logname":"Haki_Schedule_FAKE_SVE",
            "Action": "Load",
            "Target": "Characters/schedules/Hakan",
            "FromFile": "data/schedule_hakan_fake.json",
            "When": {
                "HasMod |contains=FlashShifter.StardewValleyExpandedCP": true,
				"HasSeenEvent |contains=02661001": false
            }
		},
		{
			"Logname":"Haki_Schedule_SVE",
            "Action": "Load",
            "Target": "Characters/schedules/Hakan",
            "FromFile": "data/schedule_hakan_sve.json",
            "When": {
                "HasMod |contains=FlashShifter.StardewValleyExpandedCP": true,
				"HasSeenEvent": "02661001"
            }
        },
        //Blank JSON loads Dialogue...
        {
            "Logname":"Haki_BLANK_Loads",
            "Action": "Load",
            "Target": "Characters/Dialogue/Hakan, Characters/Dialogue/MarriageDialogueHakan, Strings/schedules/Hakan",
            "FromFile": "data/blank.json"
        },

        //Actual Dialogues
        {
            "Logname":"Haki_Dialogue",
            "Action": "Include",
            "FromFile":"data/dialogue/dialogue_hakan.json"
        },

        //Marriage Dialogues
        {
            "Logname":"Haki_Marriage_Dialogue",
            "Action": "Include",
            "FromFile":"data/dialogue/marriagedialogue_hakan.json"
        },
        //Strings Dialogues for SVE Community Day
        {
            "Logname":"Haki_Strings_Dialogue",
            "Action": "Include",
            "FromFile":"data/schedulestrings.json",
            "When": {
                "HasMod |contains=FlashShifter.StardewValleyExpandedCP": true
            }
        }, 
        //Festival Data - Vanilla
        {
            "Logname":"Haki_FestivalData",
            "Action": "Include",
            "FromFile":"data/festivals.json",
            "When": {
                "HasMod |contains=FlashShifter.StardewValleyExpandedCP": false
            }
        },
        //Festival Data - SVE
        {
            "Logname":"Haki_FestivalData",
            "Action": "Include",
            "FromFile":"data/festivals_sve.json",
            "When": {
                "HasMod |contains=FlashShifter.StardewValleyExpandedCP": true
            }
        },
        //SVE Community Day
        {
            "Logname":"Haki_SVE_CommunityDAY",
            "Action": "Include",
            "FromFile":"data/svecommunityday.json",
            "When": {
                "HasMod": "FlashShifter.StardewValleyExpandedCP"
            }
        },

        //Load blank events data
        {
            "Logname":"Blank_Load_Events",
            "Action":"Load",
            "Target":"Data/Events/Custom_haki_cabin",
            "FromFile":"data/blank.json"
        },
        //Event Data - Vanilla
        {
            "Logname":"Haki_Events",
            "Action": "Include",
            "FromFile":"data/events.json",
            "When": {
                "HasMod |contains=FlashShifter.StardewValleyExpandedCP": false
            }
        },
        //Event Data - SVE
        {
            "Logname":"Haki_Events",
            "Action": "Include",
            "FromFile":"data/events_sve.json",
            "When": {
                "HasMod |contains=FlashShifter.StardewValleyExpandedCP": true
            }
        },
        //Movie Theatre Data
        {
            "Logname":"Haki_MovieTheatre",
            "Action": "Include",
            "FromFile":"data/concessiontastes.json"
        },
        //Gift Taste Data
        {  
            "Action": "Include",
            "FromFile": "data/gifttastes.json"
        }, 
        //SPRITE LOADING - PORTRAITS
        {
            "Logname": "Haki_Portraits",
            "Action": "Load",
            "Target": "Portraits/Hakan",
            "FromFile": "assets/characters/sprites/hakanPortraits.png"
        },

        {
             "Logname": "Haki_Winter_Portraits",
             "Action": "Load",
             "Target": "Portraits/Hakan_Winter",
             "FromFile": "assets/characters/sprites/hakanPortraitsWinter.png",
             "When": {
                 "Season": "winter"
             }
        },
        
        {
             "Logname": "Haki_Portraits_Beach",
             "Action": "Load",
             "Target": "Portraits/Hakan_Beach",
             "FromFile": "assets/characters/sprites/hakanBeachPortraits.png"
        },


            //SPRITE LOADING - SPRITES

        {
            "Logname": "Haki_Sprites",
            "Action": "Load",
            "Target": "Characters/Hakan",
            "FromFile": "assets/characters/sprites/Hakansprites.png"
        },

        {
            "Logname": "Haki_Winter_Sprites",
            "Action": "Load",
            "Target": "Characters/Hakan_Winter",
            "FromFile": "assets/characters/sprites/HakanSpritesWinter.png",
            "When": {
                 "Season": "winter"
             }
        },

        {
            "Logname": "Haki_Beach_Sprites",
            "Action": "Load",
            "Target": "Characters/Hakan_Beach",
            "FromFile": "assets/characters/sprites/HakanSpritesBeach.png"
        },
		

            //ANIMATION LOADS

        {
            "Logname":"Haki_Animations",
            "Action": "Include",
            "FromFile":"data/animations.json"
        },

            //Spouse Room
        {
            "Action": "Load", "Priority": "Low",
            "Target": "Maps/Custom_HakanRoom",
            "FromFile": "assets/maps/taki_HakiSpouseRoom.tmx",
        },
            //Spouse Patio
        {
            "Action": "Load", "Priority": "Low",
            "Target": "Maps/Hakan_Spouse_Area",
            "FromFile": "assets/maps/taki_Haki_Spouse_Patio.tmx"
        },
            //Temp Slime actor if SVE isn't loaded...credit to flashshifter
        {
            "Action": "Load", "Priority": "Low",
            "Target": "Characters/SlimeActor1",
            "FromFile": "assets/characters/sprites/SlimeActor1.png",
            "When": {
                "HasMod |contains=FlashShifter.StardewValleyExpandedCP": false
            }
        },
            //Object loads
        {
            "Logname":"Furniture/Item Loading",
            "Action": "Include",
            "FromFile":"data/items.json"
        },
            //Shop Edits
        {
            "Logname":"Shops",
            "Action": "Include",
            "FromFile":"data/shops.json"
        },
    ]
}
